tier	lineage	cell_type	size_gib	gs_path
PRIORITY	GI	Domcke2020-intestinal_tissue	5.3	gs://cfdx-experiments/dna_fm/experiments/jg_experiments/scatac_corpus/Domcke2020/Domcke2020-intestinal_tissue/fragments_standardized.tar.gz
PRIORITY	cardiac	Kanemaru2023-cardiac_tissue	21.8	gs://cfdx-experiments/dna_fm/experiments/jg_experiments/scatac_corpus/Kanemaru2023/Kanemaru2023-cardiac_tissue/fragments_standardized.tar.gz
PRIORITY	cardiac	Ameen2022-cardiac_invitro_tissue	12.3	gs://cfdx-experiments/dna_fm/experiments/jg_experiments/scatac_corpus/Ameen2022/Ameen2022-cardiac_invitro_tissue/fragments_standardized.tar.gz
PRIORITY	cardiac	Domcke2020-cardiac_tissue	12.2	gs://cfdx-experiments/dna_fm/experiments/jg_experiments/scatac_corpus/Domcke2020/Domcke2020-cardiac_tissue/fragments_standardized.tar.gz
PRIORITY	endocrine	Domcke2020-adrenal_gland	10.2	gs://cfdx-experiments/dna_fm/experiments/jg_experiments/scatac_corpus/Domcke2020/Domcke2020-adrenal_gland/fragments_standardized.tar.gz
PRIORITY	endocrine	Zhang2022-pituitary_tissue	5.4	gs://cfdx-experiments/dna_fm/experiments/jg_experiments/scatac_corpus/Zhang2022/Zhang2022-pituitary_tissue/fragments_standardized.tar.gz
PRIORITY	eye	Liang2023-retinal_tissue	29.0	gs://cfdx-experiments/dna_fm/experiments/jg_experiments/scatac_corpus/Liang2023/Liang2023-retinal_tissue/fragments_standardized.tar.gz
PRIORITY	eye	Wang2022-retinal_tissue	8.8	gs://cfdx-experiments/dna_fm/experiments/jg_experiments/scatac_corpus/Wang2022/Wang2022-retinal_tissue/fragments_standardized.tar.gz
PRIORITY	liver	Domcke2020-hepatic_tissue	16.7	gs://cfdx-experiments/dna_fm/experiments/jg_experiments/scatac_corpus/Domcke2020/Domcke2020-hepatic_tissue/fragments_standardized.tar.gz
PRIORITY	lung	Domcke2020-pulmonary_tissue	14.0	gs://cfdx-experiments/dna_fm/experiments/jg_experiments/scatac_corpus/Domcke2020/Domcke2020-pulmonary_tissue/fragments_standardized.tar.gz
PRIORITY	lung	Terekhanova2023-pulmonary_tissue	10.8	gs://cfdx-experiments/dna_fm/experiments/jg_experiments/scatac_corpus/Terekhanova2023/Terekhanova2023-pulmonary_tissue/fragments_standardized.tar.gz
PRIORITY	neural	Lee2023-brain_tissue	14.9	gs://cfdx-experiments/dna_fm/experiments/jg_experiments/scatac_corpus/Lee2023/Lee2023-brain_tissue/fragments_standardized.tar.gz
PRIORITY	neural	Li2023b-brain_tissue	13.1	gs://cfdx-experiments/dna_fm/experiments/jg_experiments/scatac_corpus/Li2023b/Li2023b-brain_tissue/fragments_standardized.tar.gz
PRIORITY	neural	Domcke2020-brain_tissue	8.9	gs://cfdx-experiments/dna_fm/experiments/jg_experiments/scatac_corpus/Domcke2020/Domcke2020-brain_tissue/fragments_standardized.tar.gz
PRIORITY	neural	Terekhanova2023-brain_tissue	5.3	gs://cfdx-experiments/dna_fm/experiments/jg_experiments/scatac_corpus/Terekhanova2023/Terekhanova2023-brain_tissue/fragments_standardized.tar.gz
PRIORITY	renal	Yoshimura2023-renal_tissue	16.5	gs://cfdx-experiments/dna_fm/experiments/jg_experiments/scatac_corpus/Yoshimura2023/Yoshimura2023-renal_tissue/fragments_standardized.tar.gz
PRIORITY	renal	Domcke2020-renal_tissue	9.7	gs://cfdx-experiments/dna_fm/experiments/jg_experiments/scatac_corpus/Domcke2020/Domcke2020-renal_tissue/fragments_standardized.tar.gz
PRIORITY	reproductive	Garcia-Alonso2022-ovarian_tissue	13.0	gs://cfdx-experiments/dna_fm/experiments/jg_experiments/scatac_corpus/Garcia-Alonso2022/Garcia-Alonso2022-ovarian_tissue/fragments_standardized.tar.gz
PRIORITY	reproductive	Garcia-Alonso2022-testicular_tissue	7.1	gs://cfdx-experiments/dna_fm/experiments/jg_experiments/scatac_corpus/Garcia-Alonso2022/Garcia-Alonso2022-testicular_tissue/fragments_standardized.tar.gz
PRIORITY	reproductive	Jin2022-ovarian_tissue	5.4	gs://cfdx-experiments/dna_fm/experiments/jg_experiments/scatac_corpus/Jin2022/Jin2022-ovarian_tissue/fragments_standardized.tar.gz
PRIORITY	tumor	Terekhanova2023-clear_cell_renal_cell_carcinoma	17.2	gs://cfdx-experiments/dna_fm/experiments/jg_experiments/scatac_corpus/Terekhanova2023/Terekhanova2023-clear_cell_renal_cell_carcinoma/fragments_standardized.tar.gz
PRIORITY	tumor	Terekhanova2023-glioblastoma	15.7	gs://cfdx-experiments/dna_fm/experiments/jg_experiments/scatac_corpus/Terekhanova2023/Terekhanova2023-glioblastoma/fragments_standardized.tar.gz
ADD	GI	Zhang2021-esophageal_tissue	4.4	gs://cfdx-experiments/dna_fm/experiments/jg_experiments/scatac_corpus/Zhang2021/Zhang2021-esophageal_tissue/fragments_standardized.tar.gz
ADD	GI	Zhang2021-colonic_tissue	1.8	gs://cfdx-experiments/dna_fm/experiments/jg_experiments/scatac_corpus/Zhang2021/Zhang2021-colonic_tissue/fragments_standardized.tar.gz
ADD	cardiac	Hocker2021-cardiac_tissue	3.2	gs://cfdx-experiments/dna_fm/experiments/jg_experiments/scatac_corpus/Hocker2021/Hocker2021-cardiac_tissue/fragments_standardized.tar.gz
ADD	cardiac	Ameen2022-cardiac_tissue	1.6	gs://cfdx-experiments/dna_fm/experiments/jg_experiments/scatac_corpus/Ameen2022/Ameen2022-cardiac_tissue/fragments_standardized.tar.gz
ADD	cardiac	Zhang2021-cardiac_tissue	1.3	gs://cfdx-experiments/dna_fm/experiments/jg_experiments/scatac_corpus/Zhang2021/Zhang2021-cardiac_tissue/fragments_standardized.tar.gz
ADD	cell_line	Pierce2021-K562_cells	5.4	gs://cfdx-experiments/dna_fm/experiments/jg_experiments/scatac_corpus/Pierce2021/Pierce2021-K562_cells/fragments_standardized.tar.gz
ADD	cell_line	Pierce2021-MCF7_cells	3.2	gs://cfdx-experiments/dna_fm/experiments/jg_experiments/scatac_corpus/Pierce2021/Pierce2021-MCF7_cells/fragments_standardized.tar.gz
ADD	cell_line	Pierce2021-GM12878_cells	1.7	gs://cfdx-experiments/dna_fm/experiments/jg_experiments/scatac_corpus/Pierce2021/Pierce2021-GM12878_cells/fragments_standardized.tar.gz
ADD	endocrine	Zhang2021-thyroid_tissue	1.2	gs://cfdx-experiments/dna_fm/experiments/jg_experiments/scatac_corpus/Zhang2021/Zhang2021-thyroid_tissue/fragments_standardized.tar.gz
ADD	endocrine	Zhang2021-pancreatic_tissue	1.0	gs://cfdx-experiments/dna_fm/experiments/jg_experiments/scatac_corpus/Zhang2021/Zhang2021-pancreatic_tissue/fragments_standardized.tar.gz
ADD	eye	Domcke2020-ocular_tissue	2.4	gs://cfdx-experiments/dna_fm/experiments/jg_experiments/scatac_corpus/Domcke2020/Domcke2020-ocular_tissue/fragments_standardized.tar.gz
ADD	immune_blood	Satpathy2019-peripheral_blood_mononuclear_cells	7.7	gs://cfdx-experiments/dna_fm/experiments/jg_experiments/scatac_corpus/Satpathy2019/Satpathy2019-peripheral_blood_mononuclear_cells/fragments_standardized.tar.gz
ADD	immune_blood	Granja2019-bone_marrow_tissue	4.3	gs://cfdx-experiments/dna_fm/experiments/jg_experiments/scatac_corpus/Granja2019/Granja2019-bone_marrow_tissue/fragments_standardized.tar.gz
ADD	immune_blood	Satpathy2019-bone_marrow_tissue	4.1	gs://cfdx-experiments/dna_fm/experiments/jg_experiments/scatac_corpus/Satpathy2019/Satpathy2019-bone_marrow_tissue/fragments_standardized.tar.gz
ADD	immune_blood	Domcke2020-thymic_tissue	3.4	gs://cfdx-experiments/dna_fm/experiments/jg_experiments/scatac_corpus/Domcke2020/Domcke2020-thymic_tissue/fragments_standardized.tar.gz
ADD	immune_blood	Mimitou2021-peripheral_blood_mononuclear_cells__CD4_CRISPR_perturbation	2.2	gs://cfdx-experiments/dna_fm/experiments/jg_experiments/scatac_corpus/Mimitou2021/Mimitou2021-peripheral_blood_mononuclear_cells__CD4_CRISPR_perturbation/fragments_standardized.tar.gz
ADD	immune_blood	Lareau2019-bone_marrow_tissue	1.6	gs://cfdx-experiments/dna_fm/experiments/jg_experiments/scatac_corpus/Lareau2019/Lareau2019-bone_marrow_tissue/fragments_standardized.tar.gz
ADD	immune_blood	Mimitou2021-peripheral_blood_mononuclear_cells__DOGMAseq_stimulation	1.5	gs://cfdx-experiments/dna_fm/experiments/jg_experiments/scatac_corpus/Mimitou2021/Mimitou2021-peripheral_blood_mononuclear_cells__DOGMAseq_stimulation/fragments_standardized.tar.gz
ADD	immune_blood	Mimitou2021-peripheral_blood_mononuclear_cells__ASAPseq_CITEseq_stimulation	1.4	gs://cfdx-experiments/dna_fm/experiments/jg_experiments/scatac_corpus/Mimitou2021/Mimitou2021-peripheral_blood_mononuclear_cells__ASAPseq_CITEseq_stimulation/fragments_standardized.tar.gz
ADD	immune_blood	Granja2019-peripheral_blood_mononuclear_cells	1.3	gs://cfdx-experiments/dna_fm/experiments/jg_experiments/scatac_corpus/Granja2019/Granja2019-peripheral_blood_mononuclear_cells/fragments_standardized.tar.gz
ADD	renal	Muto2021-kidney_tissue	3.1	gs://cfdx-experiments/dna_fm/experiments/jg_experiments/scatac_corpus/Muto2021/Muto2021-kidney_tissue/fragments_standardized.tar.gz
ADD	reproductive	Domcke2020-placental_tissue	2.6	gs://cfdx-experiments/dna_fm/experiments/jg_experiments/scatac_corpus/Domcke2020/Domcke2020-placental_tissue/fragments_standardized.tar.gz
ADD	stromal_other	Domcke2020-muscle_tissue	4.2	gs://cfdx-experiments/dna_fm/experiments/jg_experiments/scatac_corpus/Domcke2020/Domcke2020-muscle_tissue/fragments_standardized.tar.gz
ADD	stromal_other	Zhang2021-vascular_tissue	1.9	gs://cfdx-experiments/dna_fm/experiments/jg_experiments/scatac_corpus/Zhang2021/Zhang2021-vascular_tissue/fragments_standardized.tar.gz
ADD	stromal_other	Zhang2021-muscle_tissue	1.9	gs://cfdx-experiments/dna_fm/experiments/jg_experiments/scatac_corpus/Zhang2021/Zhang2021-muscle_tissue/fragments_standardized.tar.gz
DEFER_HUGE	neural	Camiel2023-brain_tissue	296.3	gs://cfdx-experiments/dna_fm/experiments/jg_experiments/scatac_corpus/Camiel2023/Camiel2023-brain_tissue/fragments_standardized.tar.gz
DEFER_HUGE	neural	Li2023a-brain_tissue	75.8	gs://cfdx-experiments/dna_fm/experiments/jg_experiments/scatac_corpus/Li2023a/Li2023a-brain_tissue/fragments_standardized.tar.gz
SKIP_LOWDEPTH	GI	Zhang2021-intestinal_tissue	0.8	gs://cfdx-experiments/dna_fm/experiments/jg_experiments/scatac_corpus/Zhang2021/Zhang2021-intestinal_tissue/fragments_standardized.tar.gz
SKIP_LOWDEPTH	GI	Domcke2020-gastric_tissue	0.6	gs://cfdx-experiments/dna_fm/experiments/jg_experiments/scatac_corpus/Domcke2020/Domcke2020-gastric_tissue/fragments_standardized.tar.gz
SKIP_LOWDEPTH	GI	Zhang2021-gastric_tissue	0.6	gs://cfdx-experiments/dna_fm/experiments/jg_experiments/scatac_corpus/Zhang2021/Zhang2021-gastric_tissue/fragments_standardized.tar.gz
SKIP_LOWDEPTH	cell_line	Liscovitch-Brauer2021-K562_cells	0.4	gs://cfdx-experiments/dna_fm/experiments/jg_experiments/scatac_corpus/Liscovitch-Brauer2021/Liscovitch-Brauer2021-K562_cells/fragments_standardized.tar.gz
SKIP_LOWDEPTH	endocrine	Domcke2020-pancreatic_tissue	1.0	gs://cfdx-experiments/dna_fm/experiments/jg_experiments/scatac_corpus/Domcke2020/Domcke2020-pancreatic_tissue/fragments_standardized.tar.gz
SKIP_LOWDEPTH	endocrine	Chiou2021-pancreatic_tissue	0.6	gs://cfdx-experiments/dna_fm/experiments/jg_experiments/scatac_corpus/Chiou2021/Chiou2021-pancreatic_tissue/fragments_standardized.tar.gz
SKIP_LOWDEPTH	endocrine	Zhang2021-adrenal_gland	0.3	gs://cfdx-experiments/dna_fm/experiments/jg_experiments/scatac_corpus/Zhang2021/Zhang2021-adrenal_gland/fragments_standardized.tar.gz
SKIP_LOWDEPTH	immune_blood	Buenrostro2018-bone_marrow_tissue	0.9	gs://cfdx-experiments/dna_fm/experiments/jg_experiments/scatac_corpus/Buenrostro2018/Buenrostro2018-bone_marrow_tissue/fragments_standardized.tar.gz
SKIP_LOWDEPTH	immune_blood	Domcke2020-splenic_tissue	0.4	gs://cfdx-experiments/dna_fm/experiments/jg_experiments/scatac_corpus/Domcke2020/Domcke2020-splenic_tissue/fragments_standardized.tar.gz
SKIP_LOWDEPTH	liver	Zhang2021-hepatic_tissue	0.1	gs://cfdx-experiments/dna_fm/experiments/jg_experiments/scatac_corpus/Zhang2021/Zhang2021-hepatic_tissue/fragments_standardized.tar.gz
SKIP_LOWDEPTH	lung	Wang2020-pulmonary_tissue	1.0	gs://cfdx-experiments/dna_fm/experiments/jg_experiments/scatac_corpus/Wang2020/Wang2020-pulmonary_tissue/fragments_standardized.tar.gz
SKIP_LOWDEPTH	lung	Zhang2021-pulmonary_tissue	0.7	gs://cfdx-experiments/dna_fm/experiments/jg_experiments/scatac_corpus/Zhang2021/Zhang2021-pulmonary_tissue/fragments_standardized.tar.gz
SKIP_LOWDEPTH	neural	Zhang2021-nervous_tissue	0.4	gs://cfdx-experiments/dna_fm/experiments/jg_experiments/scatac_corpus/Zhang2021/Zhang2021-nervous_tissue/fragments_standardized.tar.gz
SKIP_LOWDEPTH	reproductive	Zhang2021-mammary_tissue	0.7	gs://cfdx-experiments/dna_fm/experiments/jg_experiments/scatac_corpus/Zhang2021/Zhang2021-mammary_tissue/fragments_standardized.tar.gz
SKIP_LOWDEPTH	reproductive	Zhang2021-uterine_tissue	0.3	gs://cfdx-experiments/dna_fm/experiments/jg_experiments/scatac_corpus/Zhang2021/Zhang2021-uterine_tissue/fragments_standardized.tar.gz
SKIP_LOWDEPTH	reproductive	Zhang2021-ovarian_tissue	0.2	gs://cfdx-experiments/dna_fm/experiments/jg_experiments/scatac_corpus/Zhang2021/Zhang2021-ovarian_tissue/fragments_standardized.tar.gz
SKIP_LOWDEPTH	reproductive	Zhang2021-genital_tissue	0.2	gs://cfdx-experiments/dna_fm/experiments/jg_experiments/scatac_corpus/Zhang2021/Zhang2021-genital_tissue/fragments_standardized.tar.gz
SKIP_LOWDEPTH	stromal_other	Zhang2021-cutaneous_tissue	0.9	gs://cfdx-experiments/dna_fm/experiments/jg_experiments/scatac_corpus/Zhang2021/Zhang2021-cutaneous_tissue/fragments_standardized.tar.gz
SKIP_LOWDEPTH	stromal_other	Zhang2021-adipose_tissue	0.6	gs://cfdx-experiments/dna_fm/experiments/jg_experiments/scatac_corpus/Zhang2021/Zhang2021-adipose_tissue/fragments_standardized.tar.gz
